Workbook
Name CE: #REF!
Name CM: #REF!
Name Conc_HHI: _xlfn.LAMBDA(_xlpm.grade_series,SUMSQ(_xlfn.DROP(FREQUENCY(_xlpm.grade_series, _xlfn._xlws.SORT(_xlfn.UNIQUE(_xlpm.grade_series))), -1) / COUNTA(_xlpm.grade_series)))
Name Conc_HHI: _xlfn.LAMBDA(_xlpm.grade_series,SUMSQ(_xlfn.DROP(FREQUENCY(_xlpm.grade_series, _xlfn._xlws.SORT(_xlfn.UNIQUE(_xlpm.grade_series))), -1) / COUNTA(_xlpm.grade_series)))
Name Costs: #REF!
Name CriticalValueAsZ: #REF!
Name d: OFFSET([1]Historic!$A$7,0,0,COUNT([1]Historic!$A$1:$A$65536),1)
Name datesDropdown: #REF!
Name DF: _xlfn.LAMBDA(_xlpm.r,_xlpm.type,_xlpm.m,_xlpm.tau,1/Diagram!CF(_xlpm.r,_xlpm.type,_xlpm.m,_xlpm.tau))
Name DF: _xlfn.LAMBDA(_xlpm.r,_xlpm.type,_xlpm.m,_xlpm.tau,1/CF(_xlpm.r,_xlpm.type,_xlpm.m,_xlpm.tau))
Name Distance: #REF!
Name ECL_Month: #REF!
Name ed: #REF!
Name flattener: _xlfn.LAMBDA(_xlpm.base_curve,_xlpm.tenors,_xlpm.R_short,_xlpm.R_long,_xlpm.base_curve+0.8*_xlpm.R_short*EXP(-_xlpm.tenors/4)/10000-0.6*_xlpm.R_long*(1-EXP(-_xlpm.tenors/4))/10000)
Name flattener: _xlfn.LAMBDA(_xlpm.base_curve,_xlpm.tenors,_xlpm.R_short,_xlpm.R_long,_xlpm.base_curve+0.8*_xlpm.R_short*EXP(-_xlpm.tenors/4)/10000-0.6*_xlpm.R_long*(1-EXP(-_xlpm.tenors/4))/10000)
Name fn_cum_r: _xlfn.LAMBDA(_xlpm.cf,_xlfn.MAP(_xlfn._xlws.SORT(_xlfn.SEQUENCE(ROWS(_xlfn.TOCOL(_xlpm.cf))),,-1),_xlfn.LAMBDA(_xlpm.a,SUM(_xlfn.TAKE(_xlfn.TOCOL(_xlpm.cf),-_xlpm.a)))))
Name fn_cum_r: _xlfn.LAMBDA(_xlpm.cf,_xlfn.MAP(_xlfn._xlws.SORT(_xlfn.SEQUENCE(ROWS(_xlfn.TOCOL(_xlpm.cf))),,-1),_xlfn.LAMBDA(_xlpm.a,SUM(_xlfn.TAKE(_xlfn.TOCOL(_xlpm.cf),-_xlpm.a)))))
Name fn_Marginal_PD: _xlfn.LAMBDA(_xlpm.Cum_PD_series,_xlfn.HSTACK(_xlfn.TAKE(_xlpm.Cum_PD_series, , 1), _xlfn.DROP(_xlpm.Cum_PD_series, , 1) - _xlfn.DROP(_xlpm.Cum_PD_series, , -1)))
Name fn_Marginal_PD: _xlfn.LAMBDA(_xlpm.Cum_PD_series,_xlfn.HSTACK(_xlfn.TAKE(_xlpm.Cum_PD_series, , 1), _xlfn.DROP(_xlpm.Cum_PD_series, , 1) - _xlfn.DROP(_xlpm.Cum_PD_series, , -1)))
Name fnReverse: _xlfn.LAMBDA(_xlpm.arr,_xlpm.RtL,_xlpm.BtT,_xlfn.SORTBY(_xlfn.SORTBY(_xlpm.arr, _xlfn.SEQUENCE(, COLUMNS(_xlpm.arr)), _xlpm.RtL), _xlfn.SEQUENCE(ROWS(_xlpm.arr)), _xlpm.BtT))
Name fnReverse: _xlfn.LAMBDA(_xlpm.arr,_xlpm.RtL,_xlpm.BtT,_xlfn.SORTBY(_xlfn.SORTBY(_xlpm.arr, _xlfn.SEQUENCE(, COLUMNS(_xlpm.arr)), _xlpm.RtL), _xlfn.SEQUENCE(ROWS(_xlpm.arr)), _xlpm.BtT))
Name forward_rate: _xlfn.LAMBDA(_xlpm.t,_xlpm.T_1,_xlpm.T_2,_xlpm.dfs,_xlpm.tenors,(1/(_xlpm.T_2-_xlpm.T_1))*(get_df(_xlpm.T_1-_xlpm.t,_xlpm.dfs,_xlpm.tenors)/get_df(_xlpm.T_2-_xlpm.t,_xlpm.dfs,_xlpm.tenors)-1))
Name I: [2]Qtrly_TM!$O$5:$W$13
Name int: #REF!
Name LEGALADVISOR: #REF!
Name MATTERSTATUS: #REF!
Name max: OFFSET([3]Historic!$A$7,0,0,COUNT([3]Historic!$A$1:$A$65536),1)
Name myPERMUTATIONA: _xlfn.LAMBDA(_xlpm.rng,_xlpm.n, Diagram!POSSIBILITIES(ROWS(_xlpm.rng), _xlpm.n, _xlpm.rng) )
Name myPERMUTATIONA: _xlfn.LAMBDA(_xlpm.rng,_xlpm.n, POSSIBILITIES(ROWS(_xlpm.rng), _xlpm.n, _xlpm.rng) )
Name P: [2]Qtrly_TM!$E$5:$M$13
Name P2T_Reg.obs: _xlfn.LAMBDA(_xlpm.x_rng,_xlpm.x_label,_xlpm.y_rng,_xlpm.y_label, _xlfn.LET(_xlpm.o, ROWS(_xlpm.x_rng), _xlfn.HSTACK("Observations", _xlpm.o)))
Name P2T_Reg.obs: _xlfn.LAMBDA(_xlpm.x_rng,_xlpm.x_label,_xlpm.y_rng,_xlpm.y_label, _xlfn.LET(_xlpm.o, ROWS(_xlpm.x_rng), _xlfn.HSTACK("Observations", _xlpm.o)))
Name parallel_down: _xlfn.LAMBDA(_xlpm.base_curve,_xlpm.tenors,_xlpm.R_parallel,_xlpm.base_curve-_xlpm.R_parallel/10000)
Name parallel_down: _xlfn.LAMBDA(_xlpm.base_curve,_xlpm.tenors,_xlpm.R_parallel,_xlpm.base_curve-_xlpm.R_parallel/10000)
Name parallel_up: _xlfn.LAMBDA(_xlpm.base_curve,_xlpm.tenors,_xlpm.R_parallel,_xlpm.base_curve+_xlpm.R_parallel/10000)
Name parallel_up: _xlfn.LAMBDA(_xlpm.base_curve,_xlpm.tenors,_xlpm.R_parallel,_xlpm.base_curve+_xlpm.R_parallel/10000)
Name PNos_2: _xlfn.LAMBDA(_xlpm.n, PrimeNos(_xlpm.n, 3, 2))
Name PNos_2: _xlfn.LAMBDA(_xlpm.n, PrimeNos(_xlpm.n, 3, 2))
Name PrimeNos: #N/A
Name Q: [2]Qtrly_TM!$E$33:$M$41
Name R_Long: #REF!
Name R_long_INR: #REF!
Name R_long_USD: #REF!
Name R_Parallel: #REF!
Name R_parallel_INR: #REF!
Name R_parallel_USD: #REF!
Name R_Short: #REF!
Name R_short_INR: #REF!
Name R_short_USD: #REF!
Name rate_baseline: #REF!
Name scatter_x: _xlfn.ANCHORARRAY([2]Wholesale!$U$55)
Name scatter_y: _xlfn.ANCHORARRAY([2]Wholesale!$V$55)
Name sd: #REF!
Name short_down: _xlfn.LAMBDA(_xlpm.base_curve,_xlpm.tenors,_xlpm.R_short,_xlpm.base_curve-_xlpm.R_short*EXP(-_xlpm.tenors/4)/10000)
Name short_down: _xlfn.LAMBDA(_xlpm.base_curve,_xlpm.tenors,_xlpm.R_short,_xlpm.base_curve-_xlpm.R_short*EXP(-_xlpm.tenors/4)/10000)
Name short_up: _xlfn.LAMBDA(_xlpm.base_curve,_xlpm.tenors,_xlpm.R_short,_xlpm.base_curve+_xlpm.R_short*EXP(-_xlpm.tenors/4)/10000)
Name short_up: _xlfn.LAMBDA(_xlpm.base_curve,_xlpm.tenors,_xlpm.R_short,_xlpm.base_curve+_xlpm.R_short*EXP(-_xlpm.tenors/4)/10000)
Name steepener: _xlfn.LAMBDA(_xlpm.base_curve,_xlpm.tenors,_xlpm.R_short,_xlpm.R_long,_xlpm.base_curve-0.65*_xlpm.R_short*EXP(-_xlpm.tenors/4)/10000+0.9*_xlpm.R_long*(1-EXP(-_xlpm.tenors/4))/10000)
Name steepener: _xlfn.LAMBDA(_xlpm.base_curve,_xlpm.tenors,_xlpm.R_short,_xlpm.R_long,_xlpm.base_curve-0.65*_xlpm.R_short*EXP(-_xlpm.tenors/4)/10000+0.9*_xlpm.R_long*(1-EXP(-_xlpm.tenors/4))/10000)
Name stk: #REF!

Sheet TVS Motors
E1: 1
C2: Total Debt | D2: Total Assets | E2: Contingent Liabilities | G2: Returns | L2: Sim | M2: TA | N2: TD | O2: Default Flag | P2: LGD
B3: Mar '05 | C3: 192.5 | D3: 857.49 | E3: 109.13 | I3: Mean | J3: =AVERAGE(_xlfn.ANCHORARRAY(G4)) -> 0.25729401 | L3: 0 | M3: =D23 -> 37058.03 | N3: =($C$23+$E$23)*1.1 -> 31343.917 | O3: =IF(M3<N3,1,0) -> 0 | R3: Nd | S3: PD | T3: LGD
B4: Mar '06 | C4: 396.79 | D4: 1146.89 | E4: 124.1 | G4: {=_xlfn.LET(_xlpm.a,_xlfn.CHOOSECOLS(C3:E23,2),_xlfn.DROP(_xlpm.a,1)/_xlfn.DROP(_xlpm.a,-1)-1)} -> 0.33749665 | I4: SD | J4: =_xlfn.STDEV.S(_xlfn.ANCHORARRAY(G4)) -> 0.46344878 | L4: 1 | M4: {=M3*(1+_xlfn.NORM.INV(_xlfn.RANDARRAY(1000),$J$3,$J$4))} -> 34701.889 | N4: =($C$23+$E$23)*1.1 -> 31343.917 | O4: =IF(M4<N4,1,0) -> 0 | P4: =MAX((N4-M4)/N4,0) -> 0 | R4: =SUM(O3:O1003) -> 185 | S4: =R4/1000 -> 0.185 | T4: =AVERAGEIF(P4:P1003,">"&0,P4:P1003) -> 0.30974188
B5: Mar '07 | C5: 663.92 | D5: 1470.81 | E5: 233.2 | G5: 0.28243336 | L5: 2 | M5: 23149.541 | N5: =($C$23+$E$23)*1.1 -> 31343.917 | O5: =IF(M5<N5,1,0) -> 1 | P5: =MAX((N5-M5)/N5,0) -> 0.26143433
B6: Mar '08 | C6: 807.61 | D6: 1559.5 | E6: 139.56 | G6: 0.060300107 | L6: 3 | M6: 49105.137 | N6: =($C$23+$E$23)*1.1 -> 31343.917 | O6: =IF(M6<N6,1,0) -> 0 | P6: =MAX((N6-M6)/N6,0) -> 0
B7: Mar '09 | C7: 1119.99 | D7: 1749.94 | E7: 171.11 | G7: 0.12211606 | L7: 4 | M7: 33577.625 | N7: =($C$23+$E$23)*1.1 -> 31343.917 | O7: =IF(M7<N7,1,0) -> 0 | P7: =MAX((N7-M7)/N7,0) -> 0 | R7: alpha | S7: =T4*10 -> 3.0974188
B8: Mar '10 | C8: 1183.42 | D8: 1816.46 | E8: 128.75 | G8: 0.038012732 | L8: 5 | M8: 20858.229 | N8: =($C$23+$E$23)*1.1 -> 31343.917 | O8: =IF(M8<N8,1,0) -> 1 | P8: =MAX((N8-M8)/N8,0) -> 0.33453662 | R8: beta | S8: =10-S7 -> 6.9025812
B9: Mar '11 | C9: 870.12 | D9: 1558.45 | E9: 445.82 | G9: -0.14204001 | L9: 6 | M9: 50333.589 | N9: =($C$23+$E$23)*1.1 -> 31343.917 | O9: =IF(M9<N9,1,0) -> 0 | P9: =MAX((N9-M9)/N9,0) -> 0
B10: Mar '12 | C10: 1145.28 | D10: 1876.52 | E10: 491.23 | G10: 0.20409381 | L10: 7 | M10: 42677.711 | N10: =($C$23+$E$23)*1.1 -> 31343.917 | O10: =IF(M10<N10,1,0) -> 0 | P10: =MAX((N10-M10)/N10,0) -> 0
B11: Mar '13 | C11: 917.55 | D11: 1822.72 | E11: 416.68 | G11: -0.028670091 | L11: 8 | M11: 47209.352 | N11: =($C$23+$E$23)*1.1 -> 31343.917 | O11: =IF(M11<N11,1,0) -> 0 | P11: =MAX((N11-M11)/N11,0) -> 0
B12: Mar '14 | C12: 625.89 | D12: 1641.69 | E12: 632.69 | G12: -0.099318601 | L12: 9 | M12: 58634.275 | N12: =($C$23+$E$23)*1.1 -> 31343.917 | O12: =IF(M12<N12,1,0) -> 0 | P12: =MAX((N12-M12)/N12,0) -> 0
B13: Mar '15 | C13: 1025.07 | D13: 2256.46 | E13: 794.27 | G13: 0.37447387 | L13: 10 | M13: 31749.368 | N13: =($C$23+$E$23)*1.1 -> 31343.917 | O13: =IF(M13<N13,1,0) -> 0 | P13: =MAX((N13-M13)/N13,0) -> 0
B14: Mar '16 | C14: 899.3 | D14: 2717.27 | E14: 353.1 | G14: 0.20421811 | L14: 11 | M14: 15695.095 | N14: =($C$23+$E$23)*1.1 -> 31343.917 | O14: =IF(M14<N14,1,0) -> 1 | P14: =MAX((N14-M14)/N14,0) -> 0.49926184
B15: Mar '17 | C15: 1242.08 | D15: 3466.9 | E15: 612.82 | G15: 0.27587616 | L15: 12 | M15: 58241.328 | N15: =($C$23+$E$23)*1.1 -> 31343.917 | O15: =IF(M15<N15,1,0) -> 0 | P15: =MAX((N15-M15)/N15,0) -> 0
B16: Mar '18 | C16: 5553.39 | D16: 10749.63 | E16: 0 | G16: 2.1006461 | L16: 13 | M16: 60853.926 | N16: =($C$23+$E$23)*1.1 -> 31343.917 | O16: =IF(M16<N16,1,0) -> 0 | P16: =MAX((N16-M16)/N16,0) -> 0
B17: Mar '19 | C17: 8162.97 | D17: 11578.91 | E17: 621.43 | G17: 0.077144981 | L17: 14 | M17: 29908.883 | N17: =($C$23+$E$23)*1.1 -> 31343.917 | O17: =IF(M17<N17,1,0) -> 1 | P17: =MAX((N17-M17)/N17,0) -> 0.045783486
B18: Mar '20 | C18: 9001.93 | D18: 12604.97 | E18: 436.13 | G18: 0.088614559 | L18: 15 | M18: 89704.7 | N18: =($C$23+$E$23)*1.1 -> 31343.917 | O18: =IF(M18<N18,1,0) -> 0 | P18: =MAX((N18-M18)/N18,0) -> 0
B19: Mar '21 | C19: 9349.51 | D19: 13564.02 | E19: 629.15 | G19: 0.076085068 | L19: 16 | M19: 16340.834 | N19: =($C$23+$E$23)*1.1 -> 31343.917 | O19: =IF(M19<N19,1,0) -> 1 | P19: =MAX((N19-M19)/N19,0) -> 0.47866012
B20: Mar '22 | C20: 15297.28 | D20: 20350.29 | E20: 716.64 | G20: 0.50031407 | L20: 17 | M20: 71238.042 | N20: =($C$23+$E$23)*1.1 -> 31343.917 | O20: =IF(M20<N20,1,0) -> 0 | P20: =MAX((N20-M20)/N20,0) -> 0
... B23: Mar '25 | C23: 27615.76 | D23: 37058.03 | E23: 878.71 | G23: 0.12989618 | L23: 20 | M23: 78863.373 | N23: =($C$23+$E$23)*1.1 -> 31343.917 | O23: =IF(M23<N23,1,0) -> 0 | P23: =MAX((N23-M23)/N23,0) -> 0
L24: 21 | M24: 49182.772 | N24: =($C$23+$E$23)*1.1 -> 31343.917 | O24: =IF(M24<N24,1,0) -> 0 | P24: =MAX((N24-M24)/N24,0) -> 0
L25: 22 | M25: 25037.827 | N25: =($C$23+$E$23)*1.1 -> 31343.917 | O25: =IF(M25<N25,1,0) -> 1 | P25: =MAX((N25-M25)/N25,0) -> 0.20119024
L26: 23 | M26: 44952.409 | N26: =($C$23+$E$23)*1.1 -> 31343.917 | O26: =IF(M26<N26,1,0) -> 0 | P26: =MAX((N26-M26)/N26,0) -> 0
L27: 24 | M27: 38641.823 | N27: =($C$23+$E$23)*1.1 -> 31343.917 | O27: =IF(M27<N27,1,0) -> 0 | P27: =MAX((N27-M27)/N27,0) -> 0
L28: 25 | M28: 38523.196 | N28: =($C$23+$E$23)*1.1 -> 31343.917 | O28: =IF(M28<N28,1,0) -> 0 | P28: =MAX((N28-M28)/N28,0) -> 0
L29: 26 | M29: 18109.781 | N29: =($C$23+$E$23)*1.1 -> 31343.917 | O29: =IF(M29<N29,1,0) -> 1 | P29: =MAX((N29-M29)/N29,0) -> 0.42222341
L30: 27 | M30: 18504.076 | N30: =($C$23+$E$23)*1.1 -> 31343.917 | O30: =IF(M30<N30,1,0) -> 1 | P30: =MAX((N30-M30)/N30,0) -> 0.40964378
L31: 28 | M31: 41758.757 | N31: =($C$23+$E$23)*1.1 -> 31343.917 | O31: =IF(M31<N31,1,0) -> 0 | P31: =MAX((N31-M31)/N31,0) -> 0
L32: 29 | M32: 56565.017 | N32: =($C$23+$E$23)*1.1 -> 31343.917 | O32: =IF(M32<N32,1,0) -> 0 | P32: =MAX((N32-M32)/N32,0) -> 0
L33: 30 | M33: 62762.769 | N33: =($C$23+$E$23)*1.1 -> 31343.917 | O33: =IF(M33<N33,1,0) -> 0 | P33: =MAX((N33-M33)/N33,0) -> 0
L34: 31 | M34: 52771.034 | N34: =($C$23+$E$23)*1.1 -> 31343.917 | O34: =IF(M34<N34,1,0) -> 0 | P34: =MAX((N34-M34)/N34,0) -> 0
L35: 32 | M35: 53979.381 | N35: =($C$23+$E$23)*1.1 -> 31343.917 | O35: =IF(M35<N35,1,0) -> 0 | P35: =MAX((N35-M35)/N35,0) -> 0
... L1003: 1000 | M1003: 33463.341 | N1003: =($C$23+$E$23)*1.1 -> 31343.917 | O1003: =IF(M1003<N1003,1,0) -> 0 | P1003: =MAX((N1003-M1003)/N1003,0) -> 0

Sheet Adani Enterprises
E1: 1
C2: Total Debt | D2: Total Assets | E2: Contingent Liabilities | G2: Returns | L2: Sim | M2: TA | N2: TD | O2: Default Flag | P2: LGD
B3: Mar '04 | C3: 383.75 | D3: 1081.78 | E3: 900.49 | I3: Mean | J3: =AVERAGE(_xlfn.ANCHORARRAY(G4)) -> 0.3557688 | L3: 0 | M3: =D24 -> 132706.86 | N3: =($C$24+$E$24)*1.1 -> 127713.65 | R3: Nd | S3: PD | T3: LGD
B4: Mar '05 | C4: 844.16 | D4: 1587.11 | E4: 1186.29 | G4: {=_xlfn.LET(_xlpm.a,_xlfn.CHOOSECOLS(C3:E24,2),_xlfn.DROP(_xlpm.a,1)/_xlfn.DROP(_xlpm.a,-1)-1)} -> 0.46712825 | I4: SD | J4: =_xlfn.STDEV.S(_xlfn.ANCHORARRAY(G4)) -> 0.48536886 | L4: 1 | M4: {=M3*(1+_xlfn.NORM.INV(_xlfn.RANDARRAY(1000),$J$3,$J$4))} -> 147670.22 | N4: =($C$24+$E$24)*1.1 -> 127713.65 | O4: =IF(M4<N4,1,0) -> 0 | P4: =MAX((N4-M4)/N4,0) -> 0 | R4: =SUM(O4:O1003) -> 228 | S4: =R4/1000 -> 0.228 | T4: =AVERAGEIF(P4:P1003,">"&0,P4:P1003) -> 0.29728321
B5: Mar '06 | C5: 1351.23 | D5: 2268.49 | E5: 1194.46 | G5: 0.42932122 | L5: 2 | M5: 190438.16 | N5: =($C$24+$E$24)*1.1 -> 127713.65 | O5: =IF(M5<N5,1,0) -> 0 | P5: =MAX((N5-M5)/N5,0) -> 0
B6: Mar '07 | C6: 4289.01 | D6: 5744.5 | E6: 947.23 | G6: 1.5323012 | L6: 3 | M6: 132275.95 | N6: =($C$24+$E$24)*1.1 -> 127713.65 | O6: =IF(M6<N6,1,0) -> 0 | P6: =MAX((N6-M6)/N6,0) -> 0
B7: Mar '08 | C7: 6149.18 | D7: 9166.62 | E7: 1720.82 | G7: 0.59572112 | L7: 4 | M7: 238812.77 | N7: =($C$24+$E$24)*1.1 -> 127713.65 | O7: =IF(M7<N7,1,0) -> 0 | P7: =MAX((N7-M7)/N7,0) -> 0
B8: Mar '09 | C8: 11861.08 | D8: 15993.82 | E8: 23783.07 | G8: 0.74478925 | L8: 5 | M8: 153354.81 | N8: =($C$24+$E$24)*1.1 -> 127713.65 | O8: =IF(M8<N8,1,0) -> 0 | P8: =MAX((N8-M8)/N8,0) -> 0
B9: Mar '10 | C9: 16788.95 | D9: 26088.87 | E9: 9039.66 | G9: 0.63118442 | L9: 6 | M9: 222465.98 | N9: =($C$24+$E$24)*1.1 -> 127713.65 | O9: =IF(M9<N9,1,0) -> 0 | P9: =MAX((N9-M9)/N9,0) -> 0
B10: Mar '11 | C10: 30601.56 | D10: 51837.05 | E10: 71405.2 | G10: 0.98694117 | L10: 7 | M10: 90989.799 | N10: =($C$24+$E$24)*1.1 -> 127713.65 | O10: =IF(M10<N10,1,0) -> 1 | P10: =MAX((N10-M10)/N10,0) -> 0.28754837
B11: Mar '12 | C11: 65230.86 | D11: 88182.97 | E11: 29220.24 | G11: 0.70115718 | L11: 8 | M11: 231652.51 | N11: =($C$24+$E$24)*1.1 -> 127713.65 | O11: =IF(M11<N11,1,0) -> 0 | P11: =MAX((N11-M11)/N11,0) -> 0
B12: Mar '13 | C12: 61762.28 | D12: 86454.87 | E12: 33577.45 | G12: -0.019596754 | L12: 9 | M12: 180440.23 | N12: =($C$24+$E$24)*1.1 -> 127713.65 | O12: =IF(M12<N12,1,0) -> 0 | P12: =MAX((N12-M12)/N12,0) -> 0
B13: Mar '14 | C13: 64979.04 | D13: 93216.88 | E13: 13803.55 | G13: 0.078214333 | L13: 10 | M13: 127378.63 | N13: =($C$24+$E$24)*1.1 -> 127713.65 | O13: =IF(M13<N13,1,0) -> 1 | P13: =MAX((N13-M13)/N13,0) -> 0.0026232224
B14: Mar '15 | C14: 74899.96 | D14: 104729.62 | E14: 14613.08 | G14: 0.12350488 | L14: 11 | M14: 163832.95 | N14: =($C$24+$E$24)*1.1 -> 127713.65 | O14: =IF(M14<N14,1,0) -> 0 | P14: =MAX((N14-M14)/N14,0) -> 0
B15: Mar '16 | C15: 18015.03 | D15: 31477.87 | E15: 9735.98 | G15: -0.6994368 | L15: 12 | M15: 104099.24 | N15: =($C$24+$E$24)*1.1 -> 127713.65 | O15: =IF(M15<N15,1,0) -> 1 | P15: =MAX((N15-M15)/N15,0) -> 0.18490122
B16: Mar '17 | C16: 19853.21 | D16: 34551.43 | E16: 10445.64 | G16: 0.097641931 | L16: 13 | M16: 168426.05 | N16: =($C$24+$E$24)*1.1 -> 127713.65 | O16: =IF(M16<N16,1,0) -> 0 | P16: =MAX((N16-M16)/N16,0) -> 0
... B24: Mar '25 | C24: 78860.41 | D24: 132706.86 | E24: 37242.91 | G24: 0.40713202 | L24: 21 | M24: 221268.51 | N24: =($C$24+$E$24)*1.1 -> 127713.65 | O24: =IF(M24<N24,1,0) -> 0 | P24: =MAX((N24-M24)/N24,0) -> 0
L25: 22 | M25: 88003.516 | N25: =($C$24+$E$24)*1.1 -> 127713.65 | O25: =IF(M25<N25,1,0) -> 1 | P25: =MAX((N25-M25)/N25,0) -> 0.31093102
L26: 23 | M26: 194253.3 | N26: =($C$24+$E$24)*1.1 -> 127713.65 | O26: =IF(M26<N26,1,0) -> 0 | P26: =MAX((N26-M26)/N26,0) -> 0
L27: 24 | M27: 242571.87 | N27: =($C$24+$E$24)*1.1 -> 127713.65 | O27: =IF(M27<N27,1,0) -> 0 | P27: =MAX((N27-M27)/N27,0) -> 0
L28: 25 | M28: 181739.64 | N28: =($C$24+$E$24)*1.1 -> 127713.65 | O28: =IF(M28<N28,1,0) -> 0 | P28: =MAX((N28-M28)/N28,0) -> 0
L29: 26 | M29: 16115.876 | N29: =($C$24+$E$24)*1.1 -> 127713.65 | O29: =IF(M29<N29,1,0) -> 1 | P29: =MAX((N29-M29)/N29,0) -> 0.87381243
L30: 27 | M30: 218563.93 | N30: =($C$24+$E$24)*1.1 -> 127713.65 | O30: =IF(M30<N30,1,0) -> 0 | P30: =MAX((N30-M30)/N30,0) -> 0
L31: 28 | M31: 150568.5 | N31: =($C$24+$E$24)*1.1 -> 127713.65 | O31: =IF(M31<N31,1,0) -> 0 | P31: =MAX((N31-M31)/N31,0) -> 0
L32: 29 | M32: 215029.39 | N32: =($C$24+$E$24)*1.1 -> 127713.65 | O32: =IF(M32<N32,1,0) -> 0 | P32: =MAX((N32-M32)/N32,0) -> 0
L33: 30 | M33: 170830.85 | N33: =($C$24+$E$24)*1.1 -> 127713.65 | O33: =IF(M33<N33,1,0) -> 0 | P33: =MAX((N33-M33)/N33,0) -> 0
L34: 31 | M34: 218025.94 | N34: =($C$24+$E$24)*1.1 -> 127713.65 | O34: =IF(M34<N34,1,0) -> 0 | P34: =MAX((N34-M34)/N34,0) -> 0
L35: 32 | M35: 167118.61 | N35: =($C$24+$E$24)*1.1 -> 127713.65 | O35: =IF(M35<N35,1,0) -> 0 | P35: =MAX((N35-M35)/N35,0) -> 0
L36: 33 | M36: 174539.79 | N36: =($C$24+$E$24)*1.1 -> 127713.65 | O36: =IF(M36<N36,1,0) -> 0 | P36: =MAX((N36-M36)/N36,0) -> 0
... L1003: 1000 | M1003: 115383.87 | N1003: =($C$24+$E$24)*1.1 -> 127713.65 | O1003: =IF(M1003<N1003,1,0) -> 1 | P1003: =MAX((N1003-M1003)/N1003,0) -> 0.096542378

Sheet Sequent Scientific
E1: 1
C2: Total Debt | D2: Total Assets | E2: Contingent Liabilities | G2: Returns | L2: Sim | M2: TA | N2: TD | O2: Default Flag | P2: LGD
B3: Mar '07 | C3: 4.36 | D3: 39.3 | E3: 0.53 | I3: Mean | J3: =AVERAGE(_xlfn.ANCHORARRAY(G4)) -> 0.26143126 | L3: 0 | M3: =D21 -> 1216.74 | N3: =($C$21+$E$21)*1.1 -> 1106.963 | R3: Nd | S3: PD | T3: LGD
B4: Mar '08 | C4: 25.21 | D4: 82.57 | E4: 0.33 | G4: {=_xlfn.LET(_xlpm.a,_xlfn.CHOOSECOLS(C3:E21,2),_xlfn.DROP(_xlpm.a,1)/_xlfn.DROP(_xlpm.a,-1)-1)} -> 1.1010178 | I4: SD | J4: =_xlfn.STDEV.S(_xlfn.ANCHORARRAY(G4)) -> 0.392156 | L4: 1 | M4: {=M3*(1+(_xlfn.NORM.INV(_xlfn.RANDARRAY(1000),$J$3,$J$4)))} -> 1813.8205 | N4: =($C$21+$E$21)*1.1 -> 1106.963 | O4: =IF(M4<N4,1,0) -> 0 | P4: =MAX((N4-M4)/N4,0) -> 0 | R4: =SUM(O4:O1003) -> 188 | S4: =R4/1000 -> 0.188 | T4: =AVERAGEIF(P4:P1003,">"&0,P4:P1003) -> 0.2256368
B5: Mar '09 | C5: 96.99 | D5: 157.98 | E5: 1.34 | G5: 0.9132857 | L5: 2 | M5: 1559.7961 | N5: =($C$21+$E$21)*1.1 -> 1106.963 | O5: =IF(M5<N5,1,0) -> 0 | P5: =MAX((N5-M5)/N5,0) -> 0
B6: Mar '10 | C6: 175.12 | D6: 290 | E6: 20.43 | G6: 0.8356754 | L6: 3 | M6: 1325.1106 | N6: =($C$21+$E$21)*1.1 -> 1106.963 | O6: =IF(M6<N6,1,0) -> 0 | P6: =MAX((N6-M6)/N6,0) -> 0
B7: Mar '11 | C7: 190.04 | D7: 313.85 | E7: 30.89 | G7: 0.082241379 | L7: 4 | M7: 1536.2445 | N7: =($C$21+$E$21)*1.1 -> 1106.963 | O7: =IF(M7<N7,1,0) -> 0 | P7: =MAX((N7-M7)/N7,0) -> 0
B8: Mar '12 | C8: 204.41 | D8: 332.41 | E8: 165.82 | G8: 0.05913653 | L8: 5 | M8: 846.69733 | N8: =($C$21+$E$21)*1.1 -> 1106.963 | O8: =IF(M8<N8,1,0) -> 1 | P8: =MAX((N8-M8)/N8,0) -> 0.23511686
B9: Mar '13 | C9: 289.8 | D9: 389.37 | E9: 85.23 | G9: 0.17135465 | L9: 6 | M9: 1693.3805 | N9: =($C$21+$E$21)*1.1 -> 1106.963 | O9: =IF(M9<N9,1,0) -> 0 | P9: =MAX((N9-M9)/N9,0) -> 0
B10: Mar '14 | C10: 377.69 | D10: 439 | E10: 51.34 | G10: 0.12746231 | L10: 7 | M10: 1375.3424 | N10: =($C$21+$E$21)*1.1 -> 1106.963 | O10: =IF(M10<N10,1,0) -> 0 | P10: =MAX((N10-M10)/N10,0) -> 0
B11: Mar '15 | C11: 454.62 | D11: 692.85 | E11: 87.48 | G11: 0.57824601 | L11: 8 | M11: 1607.91 | N11: =($C$21+$E$21)*1.1 -> 1106.963 | O11: =IF(M11<N11,1,0) -> 0 | P11: =MAX((N11-M11)/N11,0) -> 0
B12: Mar '16 | C12: 267.36 | D12: 1215.3 | E12: 11.08 | G12: 0.75405932 | L12: 9 | M12: 1365.8604 | N12: =($C$21+$E$21)*1.1 -> 1106.963 | O12: =IF(M12<N12,1,0) -> 0 | P12: =MAX((N12-M12)/N12,0) -> 0
B13: Mar '17 | C13: 359.84 | D13: 1353.86 | E13: 6.76 | G13: 0.114013 | L13: 10 | M13: 1639.2631 | N13: =($C$21+$E$21)*1.1 -> 1106.963 | O13: =IF(M13<N13,1,0) -> 0 | P13: =MAX((N13-M13)/N13,0) -> 0
B14: Mar '18 | C14: 255.96 | D14: 940.52 | E14: 0.35 | G14: -0.30530483 | L14: 11 | M14: 674.22361 | N14: =($C$21+$E$21)*1.1 -> 1106.963 | O14: =IF(M14<N14,1,0) -> 1 | P14: =MAX((N14-M14)/N14,0) -> 0.39092489
B15: Mar '19 | C15: 266.69 | D15: 1013.63 | E15: 9.54 | G15: 0.077733594 | L15: 12 | M15: 1770.3394 | N15: =($C$21+$E$21)*1.1 -> 1106.963 | O15: =IF(M15<N15,1,0) -> 0 | P15: =MAX((N15-M15)/N15,0) -> 0
B16: Mar '20 | C16: 284.42 | D16: 1071.91 | E16: 2.59 | G16: 0.057496325 | L16: 13 | M16: 978.9186 | N16: =($C$21+$E$21)*1.1 -> 1106.963 | O16: =IF(M16<N16,1,0) -> 1 | P16: =MAX((N16-M16)/N16,0) -> 0.11567179
... B21: Mar '25 | C21: 446.38 | D21: 1216.74 | E21: 559.95 | G21: 0.045093795 | L21: 18 | M21: 1031.3377 | N21: =($C$21+$E$21)*1.1 -> 1106.963 | O21: =IF(M21<N21,1,0) -> 1 | P21: =MAX((N21-M21)/N21,0) -> 0.068317817
L22: 19 | M22: 1193.8604 | N22: =($C$21+$E$21)*1.1 -> 1106.963 | O22: =IF(M22<N22,1,0) -> 0 | P22: =MAX((N22-M22)/N22,0) -> 0
L23: 20 | M23: 1079.7359 | N23: =($C$21+$E$21)*1.1 -> 1106.963 | O23: =IF(M23<N23,1,0) -> 1 | P23: =MAX((N23-M23)/N23,0) -> 0.024596197
L24: 21 | M24: 1590.8736 | N24: =($C$21+$E$21)*1.1 -> 1106.963 | O24: =IF(M24<N24,1,0) -> 0 | P24: =MAX((N24-M24)/N24,0) -> 0
L25: 22 | M25: 1975.4705 | N25: =($C$21+$E$21)*1.1 -> 1106.963 | O25: =IF(M25<N25,1,0) -> 0 | P25: =MAX((N25-M25)/N25,0) -> 0
L26: 23 | M26: 957.95733 | N26: =($C$21+$E$21)*1.1 -> 1106.963 | O26: =IF(M26<N26,1,0) -> 1 | P26: =MAX((N26-M26)/N26,0) -> 0.13460763
L27: 24 | M27: 904.21788 | N27: =($C$21+$E$21)*1.1 -> 1106.963 | O27: =IF(M27<N27,1,0) -> 1 | P27: =MAX((N27-M27)/N27,0) -> 0.18315438
L28: 25 | M28: 1750.2954 | N28: =($C$21+$E$21)*1.1 -> 1106.963 | O28: =IF(M28<N28,1,0) -> 0 | P28: =MAX((N28-M28)/N28,0) -> 0
L29: 26 | M29: 1939.9494 | N29: =($C$21+$E$21)*1.1 -> 1106.963 | O29: =IF(M29<N29,1,0) -> 0 | P29: =MAX((N29-M29)/N29,0) -> 0
L30: 27 | M30: 2122.6546 | N30: =($C$21+$E$21)*1.1 -> 1106.963 | O30: =IF(M30<N30,1,0) -> 0 | P30: =MAX((N30-M30)/N30,0) -> 0
L31: 28 | M31: 2108.1932 | N31: =($C$21+$E$21)*1.1 -> 1106.963 | O31: =IF(M31<N31,1,0) -> 0 | P31: =MAX((N31-M31)/N31,0) -> 0
L32: 29 | M32: 1736.3742 | N32: =($C$21+$E$21)*1.1 -> 1106.963 | O32: =IF(M32<N32,1,0) -> 0 | P32: =MAX((N32-M32)/N32,0) -> 0
L33: 30 | M33: 1516.6854 | N33: =($C$21+$E$21)*1.1 -> 1106.963 | O33: =IF(M33<N33,1,0) -> 0 | P33: =MAX((N33-M33)/N33,0) -> 0
... L1003: 1000 | M1003: 942.30428 | N1003: =($C$21+$E$21)*1.1 -> 1106.963 | O1003: =IF(M1003<N1003,1,0) -> 1 | P1003: =MAX((N1003-M1003)/N1003,0) -> 0.14874817

Sheet Vodafone Idea
E1: 1
C2: Total Debt | D2: Total Assets | E2: Contingent Liabilities | G2: Returns | L2: Sim | M2: TA | N2: TD | O2: Default Flag | P2: LGD
B3: Mar '06 | C3: 3285.6 | D3: 4419.2 | E3: 470.57 | I3: Mean | J3: =AVERAGE(_xlfn.ANCHORARRAY(G4)) -> 0.036015093 | L3: 0 | M3: =D22 -> 125976 | N3: =($C$22+$E$22)*1.1 -> 244354.99 | R3: Nd | S3: PD | T3: LGD
B4: Mar '07 | C4: 4250.51 | D4: 6430.29 | E4: 1209.65 | G4: {=_xlfn.LET(_xlpm.a,_xlfn.CHOOSECOLS(C3:E22,2),_xlfn.DROP(_xlpm.a,1)/_xlfn.DROP(_xlpm.a,-1)-1)} -> 0.4550801 | I4: SD | J4: =_xlfn.STDEV.S(_xlfn.ANCHORARRAY(G4)) -> 0.85486629 | L4: 1 | M4: {=M3*(1+(_xlfn.NORM.INV(_xlfn.RANDARRAY(1000),$J$3,$J$4)))} -> 160597.87 | N4: =($C$22+$E$22)*1.1 -> 244354.99 | O4: =IF(M4<N4,1,0) -> 1 | P4: =MAX((N4-M4)/N4,0) -> 0.34276822 | R4: =SUM(O4:O1003) -> 844 | S4: =R4/1000 -> 0.844 | T4: =AVERAGEIF(P4:P1003,">"&0,P4:P1003) -> 0.57023966
B5: Mar '08 | C5: 6515.41 | D5: 10060 | E5: 2284.06 | G5: 0.56447065 | L5: 2 | M5: 261315.22 | N5: =($C$22+$E$22)*1.1 -> 244354.99 | O5: =IF(M5<N5,1,0) -> 0 | P5: =MAX((N5-M5)/N5,0) -> 0
B6: Mar '09 | C6: 8912.23 | D6: 22177.54 | E6: 2090.55 | G6: 1.2045268 | L6: 3 | M6: 48845.761 | N6: =($C$22+$E$22)*1.1 -> 244354.99 | O6: =IF(M6<N6,1,0) -> 1 | P6: =MAX((N6-M6)/N6,0) -> 0.80010328
B7: Mar '10 | C7: 7859.3 | D7: 19231.65 | E7: 2090.44 | G7: -0.13283214 | L7: 4 | M7: 95832.357 | N7: =($C$22+$E$22)*1.1 -> 244354.99 | O7: =IF(M7<N7,1,0) -> 1 | P7: =MAX((N7-M7)/N7,0) -> 0.60781502
B8: Mar '11 | C8: 10785.16 | D8: 23085.08 | E8: 5364.81 | G8: 0.20036918 | L8: 5 | M8: 285100.4 | N8: =($C$22+$E$22)*1.1 -> 244354.99 | O8: =IF(M8<N8,1,0) -> 0 | P8: =MAX((N8-M8)/N8,0) -> 0
B9: Mar '12 | C9: 11249.69 | D9: 24299.92 | E9: 11364.44 | G9: 0.052624466 | L9: 6 | M9: -21394.57 | N9: =($C$22+$E$22)*1.1 -> 244354.99 | O9: =IF(M9<N9,1,0) -> 1 | P9: =MAX((N9-M9)/N9,0) -> 1.0875553
B10: Mar '13 | C10: 12263.24 | D10: 26568.55 | E10: 17641.8 | G10: 0.093359567 | L10: 7 | M10: 171464.1 | N10: =($C$22+$E$22)*1.1 -> 244354.99 | O10: =IF(M10<N10,1,0) -> 1 | P10: =MAX((N10-M10)/N10,0) -> 0.29829916
B11: Mar '14 | C11: 18775.56 | D11: 35302.54 | E11: 21412.94 | G11: 0.32873416 | L11: 8 | M11: 161777.33 | N11: =($C$22+$E$22)*1.1 -> 244354.99 | O11: =IF(M11<N11,1,0) -> 1 | P11: =MAX((N11-M11)/N11,0) -> 0.33794137
B12: Mar '15 | C12: 16810.48 | D12: 39839.71 | E12: 58000.98 | G12: 0.12852248 | L12: 9 | M12: 115705.5 | N12: =($C$22+$E$22)*1.1 -> 244354.99 | O12: =IF(M12<N12,1,0) -> 1 | P12: =MAX((N12-M12)/N12,0) -> 0.52648605
B13: Mar '16 | C13: 37549.62 | D13: 61100.1 | E13: 27939.36 | G13: 0.53364821 | L13: 10 | M13: 34592.72 | N13: =($C$22+$E$22)*1.1 -> 244354.99 | O13: =IF(M13<N13,1,0) -> 1 | P13: =MAX((N13-M13)/N13,0) -> 0.85843252
B14: Mar '17 | C14: 51672.54 | D14: 76404.79 | E14: 0 | G14: 0.25048551 | L14: 11 | M14: 17131.45 | N14: =($C$22+$E$22)*1.1 -> 244354.99 | O14: =IF(M14<N14,1,0) -> 1 | P14: =MAX((N14-M14)/N14,0) -> 0.92989114
B15: Mar '18 | C15: 56962.49 | D15: 84224.96 | E15: 31231.01 | G15: 0.10235183 | L15: 12 | M15: 118240.64 | N15: =($C$22+$E$22)*1.1 -> 244354.99 | O15: =IF(M15<N15,1,0) -> 1 | P15: =MAX((N15-M15)/N15,0) -> 0.51611121
B16: Mar '19 | C16: 108523.6 | D16: 168158.4 | E16: 41202.1 | G16: 0.99653879 | L16: 13 | M16: 189881.93 | N16: =($C$22+$E$22)*1.1 -> 244354.99 | O16: =IF(M16<N16,1,0) -> 1 | P16: =MAX((N16-M16)/N16,0) -> 0.22292591
... B22: Mar '25 | C22: 196296.2 | D22: 125976 | E22: 25844.7 | G22: 0.2175947 | L22: 19 | M22: -8978.9923 | N22: =($C$22+$E$22)*1.1 -> 244354.99 | O22: =IF(M22<N22,1,0) -> 1 | P22: =MAX((N22-M22)/N22,0) -> 1.0367457
L23: 20 | M23: 126444.32 | N23: =($C$22+$E$22)*1.1 -> 244354.99 | O23: =IF(M23<N23,1,0) -> 1 | P23: =MAX((N23-M23)/N23,0) -> 0.48253844
L24: 21 | M24: 153639.12 | N24: =($C$22+$E$22)*1.1 -> 244354.99 | O24: =IF(M24<N24,1,0) -> 1 | P24: =MAX((N24-M24)/N24,0) -> 0.37124623
L25: 22 | M25: 175256.51 | N25: =($C$22+$E$22)*1.1 -> 244354.99 | O25: =IF(M25<N25,1,0) -> 1 | P25: =MAX((N25-M25)/N25,0) -> 0.28277909
L26: 23 | M26: 235360.95 | N26: =($C$22+$E$22)*1.1 -> 244354.99 | O26: =IF(M26<N26,1,0) -> 1 | P26: =MAX((N26-M26)/N26,0) -> 0.036807256
L27: 24 | M27: 330958.82 | N27: =($C$22+$E$22)*1.1 -> 244354.99 | O27: =IF(M27<N27,1,0) -> 0 | P27: =MAX((N27-M27)/N27,0) -> 0
L28: 25 | M28: 148633.66 | N28: =($C$22+$E$22)*1.1 -> 244354.99 | O28: =IF(M28<N28,1,0) -> 1 | P28: =MAX((N28-M28)/N28,0) -> 0.39173063
L29: 26 | M29: 86808.516 | N29: =($C$22+$E$22)*1.1 -> 244354.99 | O29: =IF(M29<N29,1,0) -> 1 | P29: =MAX((N29-M29)/N29,0) -> 0.64474425
L30: 27 | M30: 359756.45 | N30: =($C$22+$E$22)*1.1 -> 244354.99 | O30: =IF(M30<N30,1,0) -> 0 | P30: =MAX((N30-M30)/N30,0) -> 0
L31: 28 | M31: -4962.9681 | N31: =($C$22+$E$22)*1.1 -> 244354.99 | O31: =IF(M31<N31,1,0) -> 1 | P31: =MAX((N31-M31)/N31,0) -> 1.0203105
L32: 29 | M32: 298704.99 | N32: =($C$22+$E$22)*1.1 -> 244354.99 | O32: =IF(M32<N32,1,0) -> 0 | P32: =MAX((N32-M32)/N32,0) -> 0
L33: 30 | M33: 194483.05 | N33: =($C$22+$E$22)*1.1 -> 244354.99 | O33: =IF(M33<N33,1,0) -> 1 | P33: =MAX((N33-M33)/N33,0) -> 0.20409627
L34: 31 | M34: -11504.286 | N34: =($C$22+$E$22)*1.1 -> 244354.99 | O34: =IF(M34<N34,1,0) -> 1 | P34: =MAX((N34-M34)/N34,0) -> 1.0470802
... L1003: 1000 | M1003: 283594.27 | N1003: =($C$22+$E$22)*1.1 -> 244354.99 | O1003: =IF(M1003<N1003,1,0) -> 0 | P1003: =MAX((N1003-M1003)/N1003,0) -> 0

Sheet Diagram
C2: Vodafone Idea
Y5: =1.5/MAX(Y7:Y55) -> 404918.11
V6: # σ's | W6: Observations | X6: Prob dist | Y6: Test | Z6: For st line | AA6: Months | AB6: Asset growth | AC6: Months | AD6: FV Default point
V7: 6 | W7: =$F$22-($F$24*V7) -> -539255.58 | X7: =(1/(SQRT(2*PI()*$F$24^2))*EXP((-1/(2*$F$24^2))*(W7-$F$22)^2))*$Y$5+$AA$19 -> 12 | Y7: =(1/(SQRT(2*PI()*$D$24^2))*EXP((-1/(2*$D$24^2))*(W7-$F$22)^2)) -> 1.4708437e-14 | Z7: 12 | AA7: 0 | AB7: =D22 -> 125976 | AC7: 11 | AD7: =$D$26 -> 244354.99
V8: =V7-0.25 -> 5.75 | W8: =$F$22-($F$24*V8) -> -511345.11 | X8: =(1/(SQRT(2*PI()*$F$24^2))*EXP((-1/(2*$F$24^2))*(W8-$F$22)^2))*$Y$5+$AA$19 -> 12 | Y8: =(1/(SQRT(2*PI()*$D$24^2))*EXP((-1/(2*$D$24^2))*(W8-$F$22)^2)) -> 7.1298049e-14 | Z8: 12 | AA8: 1 | AB8: {=_xlfn.LET(_xlpm.mean,_xlfn.XLOOKUP($C$2,calc!$C$3:$C$6,calc!$H$3:$H$6),_xlpm.sd,_xlfn.XLOOKUP($C$2,calc!$C$3:$C$6,calc!$I$3:$I$6),D22*EXP((_xlpm.mean-0.5*_xlpm.sd^2)*1/12+_xlpm.sd*SQRT(1/12)*_xlfn.NORM.S.INV(_xlfn.RANDARRAY(1))))} -> 146492 | AC8: 12 | AD8: =$D$26 -> 244354.99
V9: =V8-0.25 -> 5.5 | W9: =$F$22-($F$24*V9) -> -483434.64 | X9: =(1/(SQRT(2*PI()*$F$24^2))*EXP((-1/(2*$F$24^2))*(W9-$F$22)^2))*$Y$5+$AA$19 -> 12 | Y9: =(1/(SQRT(2*PI()*$D$24^2))*EXP((-1/(2*$D$24^2))*(W9-$F$22)^2)) -> 3.2316036e-13 | Z9: 12 | AA9: 2 | AB9: {=_xlfn.LET(_xlpm.mean,_xlfn.XLOOKUP($C$2,calc!$C$3:$C$6,calc!$H$3:$H$6),_xlpm.sd,_xlfn.XLOOKUP($C$2,calc!$C$3:$C$6,calc!$I$3:$I$6),AB8*EXP((_xlpm.mean-0.5*_xlpm.sd^2)*1/12+_xlpm.sd*SQRT(1/12)*_xlfn.NORM.S.INV(_xlfn.RANDARRAY(1))))} -> 99533.493 | AC9: 13 | AD9: =$D$26 -> 244354.99
V10: =V9-0.25 -> 5.25 | W10: =$F$22-($F$24*V10) -> -455524.17 | X10: =(1/(SQRT(2*PI()*$F$24^2))*EXP((-1/(2*$F$24^2))*(W10-$F$22)^2))*$Y$5+$AA$19 -> 12.000001 | Y10: =(1/(SQRT(2*PI()*$D$24^2))*EXP((-1/(2*$D$24^2))*(W10-$F$22)^2)) -> 1.3695813e-12 | Z10: 12 | AA10: 3 | AB10: {=_xlfn.LET(_xlpm.mean,_xlfn.XLOOKUP($C$2,calc!$C$3:$C$6,calc!$H$3:$H$6),_xlpm.sd,_xlfn.XLOOKUP($C$2,calc!$C$3:$C$6,calc!$I$3:$I$6),AB9*EXP((_xlpm.mean-0.5*_xlpm.sd^2)*1/12+_xlpm.sd*SQRT(1/12)*_xlfn.NORM.S.INV(_xlfn.RANDARRAY(1))))} -> 72126.835
V11: =V10-0.25 -> 5 | W11: =$F$22-($F$24*V11) -> -427613.7 | X11: =(1/(SQRT(2*PI()*$F$24^2))*EXP((-1/(2*$F$24^2))*(W11-$F$22)^2))*$Y$5+$AA$19 -> 12.000005 | Y11: =(1/(SQRT(2*PI()*$D$24^2))*EXP((-1/(2*$D$24^2))*(W11-$F$22)^2)) -> 5.4273382e-12 | Z11: 12 | AA11: 4 | AB11: {=_xlfn.LET(_xlpm.mean,_xlfn.XLOOKUP($C$2,calc!$C$3:$C$6,calc!$H$3:$H$6),_xlpm.sd,_xlfn.XLOOKUP($C$2,calc!$C$3:$C$6,calc!$I$3:$I$6),AB10*EXP((_xlpm.mean-0.5*_xlpm.sd^2)*1/12+_xlpm.sd*SQRT(1/12)*_xlfn.NORM.S.INV(_xlfn.RANDARRAY(1))))} -> 96607.592
V12: =V11-0.25 -> 4.75 | W12: =$F$22-($F$24*V12) -> -399703.23 | X12: =(1/(SQRT(2*PI()*$F$24^2))*EXP((-1/(2*$F$24^2))*(W12-$F$22)^2))*$Y$5+$AA$19 -> 12.000018 | Y12: =(1/(SQRT(2*PI()*$D$24^2))*EXP((-1/(2*$D$24^2))*(W12-$F$22)^2)) -> 2.0110148e-11 | Z12: 12 | AA12: 5 | AB12: {=_xlfn.LET(_xlpm.mean,_xlfn.XLOOKUP($C$2,calc!$C$3:$C$6,calc!$H$3:$H$6),_xlpm.sd,_xlfn.XLOOKUP($C$2,calc!$C$3:$C$6,calc!$I$3:$I$6),AB11*EXP((_xlpm.mean-0.5*_xlpm.sd^2)*1/12+_xlpm.sd*SQRT(1/12)*_xlfn.NORM.S.INV(_xlfn.RANDARRAY(1))))} -> 69627.213
V13: =V12-0.25 -> 4.5 | W13: =$F$22-($F$24*V13) -> -371792.76 | X13: =(1/(SQRT(2*PI()*$F$24^2))*EXP((-1/(2*$F$24^2))*(W13-$F$22)^2))*$Y$5+$AA$19 -> 12.000058 | Y13: =(1/(SQRT(2*PI()*$D$24^2))*EXP((-1/(2*$D$24^2))*(W13-$F$22)^2)) -> 6.9674354e-11 | Z13: 12 | AA13: 6 | AB13: {=_xlfn.LET(_xlpm.mean,_xlfn.XLOOKUP($C$2,calc!$C$3:$C$6,calc!$H$3:$H$6),_xlpm.sd,_xlfn.XLOOKUP($C$2,calc!$C$3:$C$6,calc!$I$3:$I$6),AB12*EXP((_xlpm.mean-0.5*_xlpm.sd^2)*1/12+_xlpm.sd*SQRT(1/12)*_xlfn.NORM.S.INV(_xlfn.RANDARRAY(1))))} -> 64982.794
V14: =V13-0.25 -> 4.25 | W14: =$F$22-($F$24*V14) -> -343882.28 | X14: =(1/(SQRT(2*PI()*$F$24^2))*EXP((-1/(2*$F$24^2))*(W14-$F$22)^2))*$Y$5+$AA$19 -> 12.000173 | Y14: =(1/(SQRT(2*PI()*$D$24^2))*EXP((-1/(2*$D$24^2))*(W14-$F$22)^2)) -> 2.2571476e-10 | Z14: 12 | AA14: 7 | AB14: {=_xlfn.LET(_xlpm.mean,_xlfn.XLOOKUP($C$2,calc!$C$3:$C$6,calc!$H$3:$H$6),_xlpm.sd,_xlfn.XLOOKUP($C$2,calc!$C$3:$C$6,calc!$I$3:$I$6),AB13*EXP((_xlpm.mean-0.5*_xlpm.sd^2)*1/12+_xlpm.sd*SQRT(1/12)*_xlfn.NORM.S.INV(_xlfn.RANDARRAY(1))))} -> 41120.43
V15: =V14-0.25 -> 4 | W15: =$F$22-($F$24*V15) -> -315971.81 | X15: =(1/(SQRT(2*PI()*$F$24^2))*EXP((-1/(2*$F$24^2))*(W15-$F$22)^2))*$Y$5+$AA$19 -> 12.000485 | Y15: =(1/(SQRT(2*PI()*$D$24^2))*EXP((-1/(2*$D$24^2))*(W15-$F$22)^2)) -> 6.8371683e-10 | Z15: 12 | AA15: 8 | AB15: {=_xlfn.LET(_xlpm.mean,_xlfn.XLOOKUP($C$2,calc!$C$3:$C$6,calc!$H$3:$H$6),_xlpm.sd,_xlfn.XLOOKUP($C$2,calc!$C$3:$C$6,calc!$I$3:$I$6),AB14*EXP((_xlpm.mean-0.5*_xlpm.sd^2)*1/12+_xlpm.sd*SQRT(1/12)*_xlfn.NORM.S.INV(_xlfn.RANDARRAY(1))))} -> 28912.584
V16: =V15-0.25 -> 3.75 | W16: =$F$22-($F$24*V16) -> -288061.34 | X16: =(1/(SQRT(2*PI()*$F$24^2))*EXP((-1/(2*$F$24^2))*(W16-$F$22)^2))*$Y$5+$AA$19 -> 12.001279 | Y16: =(1/(SQRT(2*PI()*$D$24^2))*EXP((-1/(2*$D$24^2))*(W16-$F$22)^2)) -> 1.9365196e-09 | Z16: 12 | AA16: 9 | AB16: {=_xlfn.LET(_xlpm.mean,_xlfn.XLOOKUP($C$2,calc!$C$3:$C$6,calc!$H$3:$H$6),_xlpm.sd,_xlfn.XLOOKUP($C$2,calc!$C$3:$C$6,calc!$I$3:$I$6),AB15*EXP((_xlpm.mean-0.5*_xlpm.sd^2)*1/12+_xlpm.sd*SQRT(1/12)*_xlfn.NORM.S.INV(_xlfn.RANDARRAY(1))))} -> 21967.366
V17: =V16-0.25 -> 3.5 | W17: =$F$22-($F$24*V17) -> -260150.87 | X17: =(1/(SQRT(2*PI()*$F$24^2))*EXP((-1/(2*$F$24^2))*(W17-$F$22)^2))*$Y$5+$AA$19 -> 12.003165 | Y17: =(1/(SQRT(2*PI()*$D$24^2))*EXP((-1/(2*$D$24^2))*(W17-$F$22)^2)) -> 5.1285766e-09 | Z17: 12 | AA17: 10 | AB17: {=_xlfn.LET(_xlpm.mean,_xlfn.XLOOKUP($C$2,calc!$C$3:$C$6,calc!$H$3:$H$6),_xlpm.sd,_xlfn.XLOOKUP($C$2,calc!$C$3:$C$6,calc!$I$3:$I$6),AB16*EXP((_xlpm.mean-0.5*_xlpm.sd^2)*1/12+_xlpm.sd*SQRT(1/12)*_xlfn.NORM.S.INV(_xlfn.RANDARRAY(1))))} -> 21210.398
V18: =V17-0.25 -> 3.25 | W18: =$F$22-($F$24*V18) -> -232240.4 | X18: =(1/(SQRT(2*PI()*$F$24^2))*EXP((-1/(2*$F$24^2))*(W18-$F$22)^2))*$Y$5+$AA$19 -> 12.007359 | Y18: =(1/(SQRT(2*PI()*$D$24^2))*EXP((-1/(2*$D$24^2))*(W18-$F$22)^2)) -> 1.2699923e-08 | Z18: 12 | AA18: 11 | AB18: {=_xlfn.LET(_xlpm.mean,_xlfn.XLOOKUP($C$2,calc!$C$3:$C$6,calc!$H$3:$H$6),_xlpm.sd,_xlfn.XLOOKUP($C$2,calc!$C$3:$C$6,calc!$I$3:$I$6),AB17*EXP((_xlpm.mean-0.5*_xlpm.sd^2)*1/12+_xlpm.sd*SQRT(1/12)*_xlfn.NORM.S.INV(_xlfn.RANDARRAY(1))))} -> 31776.585
V19: =V18-0.25 -> 3 | W19: =$F$22-($F$24*V19) -> -204329.93 | X19: =(1/(SQRT(2*PI()*$F$24^2))*EXP((-1/(2*$F$24^2))*(W19-$F$22)^2))*$Y$5+$AA$19 -> 12.016074 | Y19: =(1/(SQRT(2*PI()*$D$24^2))*EXP((-1/(2*$D$24^2))*(W19-$F$22)^2)) -> 2.9405914e-08 | Z19: 12 | AA19: 12 | AB19: {=_xlfn.LET(_xlpm.mean,_xlfn.XLOOKUP($C$2,calc!$C$3:$C$6,calc!$H$3:$H$6),_xlpm.sd,_xlfn.XLOOKUP($C$2,calc!$C$3:$C$6,calc!$I$3:$I$6),AB18*EXP((_xlpm.mean-0.5*_xlpm.sd^2)*1/12+_xlpm.sd*SQRT(1/12)*_xlfn.NORM.S.INV(_xlfn.RANDARRAY(1))))} -> 33644.085
V20: =V19-0.25 -> 2.75 | W20: =$F$22-($F$24*V20) -> -176419.46 | X20: =(1/(SQRT(2*PI()*$F$24^2))*EXP((-1/(2*$F$24^2))*(W20-$F$22)^2))*$Y$5+$AA$19 -> 12.032982 | Y20: =(1/(SQRT(2*PI()*$D$24^2))*EXP((-1/(2*$D$24^2))*(W20-$F$22)^2)) -> 6.3664534e-08 | Z20: 12
C21: ESTIMATED VARIABLES | V21: =V20-0.25 -> 2.5 | W21: =$F$22-($F$24*V21) -> -148508.99 | X21: =(1/(SQRT(2*PI()*$F$24^2))*EXP((-1/(2*$F$24^2))*(W21-$F$22)^2))*$Y$5+$AA$19 -> 12.063574 | Y21: =(1/(SQRT(2*PI()*$D$24^2))*EXP((-1/(2*$D$24^2))*(W21-$F$22)^2)) -> 1.2888126e-07 | Z21: 12
C22: Current MV of assets | D22: =_xlfn.XLOOKUP(C2,calc!C3:C6,calc!F3:F6) -> 125976 | E22: Future MV of assets | F22: =D22*EXP(_xlfn.XLOOKUP(C2,calc!C3:C6,calc!H3:H6)*1) -> 130595.73 | V22: =V21-0.25 -> 2.25 | W22: =$F$22-($F$24*V22) -> -120598.51 | X22: =(1/(SQRT(2*PI()*$F$24^2))*EXP((-1/(2*$F$24^2))*(W22-$F$22)^2))*$Y$5+$AA$19 -> 12.115118 | Y22: =(1/(SQRT(2*PI()*$D$24^2))*EXP((-1/(2*$D$24^2))*(W22-$F$22)^2)) -> 2.4395588e-07 | Z22: 12
C23: Volatility of assets (%) | D23: =_xlfn.XLOOKUP(C2,calc!C3:C6,calc!I3:I6) -> 0.85486629 | E23: Volatility of assets (%) | F23: =D23 -> 0.85486629 | V23: =V22-0.25 -> 2 | W23: =$F$22-($F$24*V23) -> -92688.042 | X23: =(1/(SQRT(2*PI()*$F$24^2))*EXP((-1/(2*$F$24^2))*(W23-$F$22)^2))*$Y$5+$AA$19 -> 12.195822 | Y23: =(1/(SQRT(2*PI()*$D$24^2))*EXP((-1/(2*$D$24^2))*(W23-$F$22)^2)) -> 4.3177959e-07 | Z23: 12
C24: PV Volatility of assets (R) | D24: =D23*D22 -> 107692.64 | E24: FV Volatility of assets (R) | F24: =F22*D23 -> 111641.89 | V24: =V23-0.25 -> 1.75 | W24: =$F$22-($F$24*V24) -> -64777.571 | X24: =(1/(SQRT(2*PI()*$F$24^2))*EXP((-1/(2*$F$24^2))*(W24-$F$22)^2))*$Y$5+$AA$19 -> 12.312922 | Y24: =(1/(SQRT(2*PI()*$D$24^2))*EXP((-1/(2*$D$24^2))*(W24-$F$22)^2)) -> 7.1456585e-07 | Z24: 12
V25: =V24-0.25 -> 1.5 | W25: =$F$22-($F$24*V25) -> -36867.1 | X25: =(1/(SQRT(2*PI()*$F$24^2))*EXP((-1/(2*$F$24^2))*(W25-$F$22)^2))*$Y$5+$AA$19 -> 12.469752 | Y25: =(1/(SQRT(2*PI()*$D$24^2))*EXP((-1/(2*$D$24^2))*(W25-$F$22)^2)) -> 1.1057367e-06 | Z25: 12
C26: Longer term liabilities | D26: =_xlfn.XLOOKUP(C2,calc!C3:C6,calc!G3:G6) -> 244354.99 | V26: =V25-0.25 -> 1.25 | W26: =$F$22-($F$24*V26) -> -8956.6286 | X26: =(1/(SQRT(2*PI()*$F$24^2))*EXP((-1/(2*$F$24^2))*(W26-$F$22)^2))*$Y$5+$AA$19 -> 12.662457 | Y26: =(1/(SQRT(2*PI()*$D$24^2))*EXP((-1/(2*$D$24^2))*(W26-$F$22)^2)) -> 1.5998913e-06 | Z26: 12
V27: =V26-0.25 -> 1 | W27: =$F$22-($F$24*V27) -> 18953.843 | X27: =(1/(SQRT(2*PI()*$F$24^2))*EXP((-1/(2*$F$24^2))*(W27-$F$22)^2))*$Y$5+$AA$19 -> 12.877613 | Y27: =(1/(SQRT(2*PI()*$D$24^2))*EXP((-1/(2*$D$24^2))*(W27-$F$22)^2)) -> 2.1645049e-06 | Z27: 12
V28: =V27-0.25 -> 0.75 | W28: =$F$22-($F$24*V28) -> 46864.314 | X28: =(1/(SQRT(2*PI()*$F$24^2))*EXP((-1/(2*$F$24^2))*(W28-$F$22)^2))*$Y$5+$AA$19 -> 13.092207 | Y28: =(1/(SQRT(2*PI()*$D$24^2))*EXP((-1/(2*$D$24^2))*(W28-$F$22)^2)) -> 2.738142e-06 | Z28: 12
V29: =V28-0.25 -> 0.5 | W29: =$F$22-($F$24*V29) -> 74774.785 | X29: =(1/(SQRT(2*PI()*$F$24^2))*EXP((-1/(2*$F$24^2))*(W29-$F$22)^2))*$Y$5+$AA$19 -> 13.276919 | Y29: =(1/(SQRT(2*PI()*$D$24^2))*EXP((-1/(2*$D$24^2))*(W29-$F$22)^2)) -> 3.2387892e-06 | Z29: 12
V30: =V29-0.25 -> 0.25 | W30: =$F$22-($F$24*V30) -> 102685.26 | X30: =(1/(SQRT(2*PI()*$F$24^2))*EXP((-1/(2*$F$24^2))*(W30-$F$22)^2))*$Y$5+$AA$19 -> 13.402421 | Y30: =(1/(SQRT(2*PI()*$D$24^2))*EXP((-1/(2*$D$24^2))*(W30-$F$22)^2)) -> 3.5821083e-06 | Z30: 12
V31: =V30-0.25 -> 0 | W31: =$F$22-($F$24*V31) -> 130595.73 | X31: =(1/(SQRT(2*PI()*$F$24^2))*EXP((-1/(2*$F$24^2))*(W31-$F$22)^2))*$Y$5+$AA$19 -> 13.446939 | Y31: =(1/(SQRT(2*PI()*$D$24^2))*EXP((-1/(2*$D$24^2))*(W31-$F$22)^2)) -> 3.7044528e-06 | Z31: 12
V32: =V31-0.25 -> -0.25 | W32: =$F$22-($F$24*V32) -> 158506.2 | X32: =(1/(SQRT(2*PI()*$F$24^2))*EXP((-1/(2*$F$24^2))*(W32-$F$22)^2))*$Y$5+$AA$19 -> 13.402421 | Y32: =(1/(SQRT(2*PI()*$D$24^2))*EXP((-1/(2*$D$24^2))*(W32-$F$22)^2)) -> 3.5821083e-06 | Z32: 12
V33: =V32-0.25 -> -0.5 | W33: =$F$22-($F$24*V33) -> 186416.67 | X33: =(1/(SQRT(2*PI()*$F$24^2))*EXP((-1/(2*$F$24^2))*(W33-$F$22)^2))*$Y$5+$AA$19 -> 13.276919 | Y33: =(1/(SQRT(2*PI()*$D$24^2))*EXP((-1/(2*$D$24^2))*(W33-$F$22)^2)) -> 3.2387892e-06 | Z33: 12
V34: =V33-0.25 -> -0.75 | W34: =$F$22-($F$24*V34) -> 214327.14 | X34: =(1/(SQRT(2*PI()*$F$24^2))*EXP((-1/(2*$F$24^2))*(W34-$F$22)^2))*$Y$5+$AA$19 -> 13.092207 | Y34: =(1/(SQRT(2*PI()*$D$24^2))*EXP((-1/(2*$D$24^2))*(W34-$F$22)^2)) -> 2.738142e-06 | Z34: 12
V35: =V34-0.25 -> -1 | W35: =$F$22-($F$24*V35) -> 242237.61 | X35: =(1/(SQRT(2*PI()*$F$24^2))*EXP((-1/(2*$F$24^2))*(W35-$F$22)^2))*$Y$5+$AA$19 -> 12.877613 | Y35: =(1/(SQRT(2*PI()*$D$24^2))*EXP((-1/(2*$D$24^2))*(W35-$F$22)^2)) -> 2.1645049e-06 | Z35: 12
V36: =V35-0.25 -> -1.25 | W36: =$F$22-($F$24*V36) -> 270148.08 | X36: =(1/(SQRT(2*PI()*$F$24^2))*EXP((-1/(2*$F$24^2))*(W36-$F$22)^2))*$Y$5+$AA$19 -> 12.662457 | Y36: =(1/(SQRT(2*PI()*$D$24^2))*EXP((-1/(2*$D$24^2))*(W36-$F$22)^2)) -> 1.5998913e-06 | Z36: 12
V37: =V36-0.25 -> -1.5 | W37: =$F$22-($F$24*V37) -> 298058.56 | X37: =(1/(SQRT(2*PI()*$F$24^2))*EXP((-1/(2*$F$24^2))*(W37-$F$22)^2))*$Y$5+$AA$19 -> 12.469752 | Y37: =(1/(SQRT(2*PI()*$D$24^2))*EXP((-1/(2*$D$24^2))*(W37-$F$22)^2)) -> 1.1057367e-06 | Z37: 12
V38: =V37-0.25 -> -1.75 | W38: =$F$22-($F$24*V38) -> 325969.03 | X38: =(1/(SQRT(2*PI()*$F$24^2))*EXP((-1/(2*$F$24^2))*(W38-$F$22)^2))*$Y$5+$AA$19 -> 12.312922 | Y38: =(1/(SQRT(2*PI()*$D$24^2))*EXP((-1/(2*$D$24^2))*(W38-$F$22)^2)) -> 7.1456585e-07 | Z38: 12
... V55: =V54-0.25 -> -6 | W55: =$F$22-($F$24*V55) -> 800447.04 | X55: =(1/(SQRT(2*PI()*$F$24^2))*EXP((-1/(2*$F$24^2))*(W55-$F$22)^2))*$Y$5+$AA$19 -> 12 | Y55: =(1/(SQRT(2*PI()*$D$24^2))*EXP((-1/(2*$D$24^2))*(W55-$F$22)^2)) -> 1.4708437e-14 | Z55: 12

Sheet calc
C2: in ₹ lakh Cr | F2: Total Assets | G2: Total Debt | H2: Mean | I2: Standard Deviation
C3: TVS Motors | F3: ='TVS Motors'!M3 -> 37058.03 | G3: ='TVS Motors'!N3 -> 31343.917 | H3: ='TVS Motors'!J3 -> 0.25729401 | I3: ='TVS Motors'!J4 -> 0.46344878
C4: Adani Enterprises | F4: ='Adani Enterprises'!M3 -> 132706.86 | G4: ='Adani Enterprises'!N3 -> 127713.65 | H4: ='Adani Enterprises'!J3 -> 0.3557688 | I4: ='Adani Enterprises'!J4 -> 0.48536886
C5: Sequent Scientific | F5: ='Sequent Scientific'!M3 -> 1216.74 | G5: ='Sequent Scientific'!N3 -> 1106.963 | H5: ='Sequent Scientific'!J3 -> 0.26143126 | I5: ='Sequent Scientific'!J4 -> 0.392156
C6: Vodafone Idea | F6: ='Vodafone Idea'!M3 -> 125976 | G6: ='Vodafone Idea'!N3 -> 244354.99 | H6: ='Vodafone Idea'!J3 -> 0.036015093 | I6: ='Vodafone Idea'!J4 -> 0.85486629

Sheet loss_distribution
T1: 40 | U1: =MIN(_xlfn.ANCHORARRAY(Q3)) -> 0 | V1: =MAX(_xlfn.ANCHORARRAY(Q3)) -> 266011.5 | W1: =(V1-U1)/(T1) -> 6650.2874
C2: PD | D2: alpha | E2: beta | F2: EAD | I2: D1 | J2: D2 | K2: D3 | L2: D4 | M2: L1 | N2: L2 | O2: L3 | P2: L4 | Q2: Total Loss
B3: TVS Motors | C3: ='TVS Motors'!S4 -> 0.185 | D3: =10*'TVS Motors'!T4 -> 3.0974188 | E3: =10-D3 -> 6.9025812 | F3: ='TVS Motors'!N3 -> 31343.917 | H3: 1 | I3: {=IF(_xlfn.RANDARRAY(1000)<$C$3,1,0)} -> 0 | J3: {=IF(_xlfn.RANDARRAY(1000)<$C$4,1,0)} -> 0 | K3: {=IF(_xlfn.RANDARRAY(1000)<$C$5,1,0)} -> 1 | L3: {=IF(_xlfn.RANDARRAY(1000)<$C$6,1,0)} -> 1 | M3: {=_xlfn.ANCHORARRAY(I3)*$F$3*_xlfn.BETA.INV(_xlfn.RANDARRAY(1000),$D$3,$E$3)} -> 0 | N3: {=_xlfn.ANCHORARRAY(J3)*$F$4*_xlfn.BETA.INV(_xlfn.RANDARRAY(1000),$D$4,$E$4)} -> 0 | O3: {=_xlfn.ANCHORARRAY(K3)*$F$5*_xlfn.BETA.INV(_xlfn.RANDARRAY(1000),$D$5,$E$5)} -> 120.0122 | P3: {=_xlfn.ANCHORARRAY(L3)*$F$6*_xlfn.BETA.INV(_xlfn.RANDARRAY(1000),$D$6,$E$6)} -> 142548.82 | Q3: {=_xlfn.ANCHORARRAY(M3)+_xlfn.ANCHORARRAY(N3)+_xlfn.ANCHORARRAY(O3)+_xlfn.ANCHORARRAY(P3)} -> 142668.83 | T3: from | U3: to | V3: count
B4: Adani Enterprises | C4: ='Adani Enterprises'!S4 -> 0.228 | D4: =10*'Adani Enterprises'!T4 -> 2.9728321 | E4: =10-D4 -> 7.0271679 | F4: ='Adani Enterprises'!N3 -> 127713.65 | H4: 2 | I4: 0 | J4: 0 | K4: 0 | L4: 1 | M4: 0 | N4: 0 | O4: 0 | P4: 166473.53 | Q4: 166473.53 | U4: 0 | V4: 0
B5: Sequent Scientific | C5: ='Sequent Scientific'!S4 -> 0.188 | D5: =10*'Sequent Scientific'!T4 -> 2.256368 | E5: =10-D5 -> 7.743632 | F5: ='Sequent Scientific'!N3 -> 1106.963 | H5: 3 | I5: 0 | J5: 0 | K5: 0 | L5: 1 | M5: 0 | N5: 0 | O5: 0 | P5: 59705.667 | Q5: 59705.667 | T5: {=_xlfn.SEQUENCE(T1,,U1,W1)} -> 0 | U5: {=_xlfn.ANCHORARRAY(T5)+W1} -> 6650.2874 | V5: {=_xlfn.DROP(FREQUENCY(_xlfn.ANCHORARRAY(Q3),_xlfn.ANCHORARRAY(U5)),-1)/1000} -> 0.118
B6: Vodafone Idea | C6: ='Vodafone Idea'!S4 -> 0.844 | D6: =10*'Vodafone Idea'!T4 -> 5.7023966 | E6: =10-D6 -> 4.2976034 | F6: ='Vodafone Idea'!N3 -> 244354.99 | H6: 4 | I6: 0 | J6: 0 | K6: 0 | L6: 0 | M6: 0 | N6: 0 | O6: 0 | P6: 0 | Q6: 0 | T6: 6650.2874 | U6: 13300.575 | V6: 0.014
H7: 5 | I7: 0 | J7: 0 | K7: 1 | L7: 1 | M7: 0 | N7: 0 | O7: 156.8408 | P7: 140375.81 | Q7: 140532.65 | T7: 13300.575 | U7: 19950.862 | V7: 0.003
H8: 6 | I8: 1 | J8: 0 | K8: 1 | L8: 1 | M8: 11330.645 | N8: 0 | O8: 354.1164 | P8: 116997.32 | Q8: 128682.08 | T8: 19950.862 | U8: 26601.15 | V8: 0.003
H9: 7 | I9: 0 | J9: 1 | K9: 0 | L9: 1 | M9: 0 | N9: 39751.515 | O9: 0 | P9: 99641.925 | Q9: 139393.44 | T9: 26601.15 | U9: 33251.437 | V9: 0.005
H10: 8 | I10: 0 | J10: 1 | K10: 1 | L10: 1 | M10: 0 | N10: 24817.248 | O10: 272.36881 | P10: 182398.23 | Q10: 207487.85 | T10: 33251.437 | U10: 39901.725 | V10: 0.005
H11: 9 | I11: 0 | J11: 0 | K11: 0 | L11: 1 | M11: 0 | N11: 0 | O11: 0 | P11: 136458.73 | Q11: 136458.73 | T11: 39901.725 | U11: 46552.012 | V11: 0.008
H12: 10 | I12: 0 | J12: 0 | K12: 1 | L12: 1 | M12: 0 | N12: 0 | O12: 83.306805 | P12: 70382.49 | Q12: 70465.797 | T12: 46552.012 | U12: 53202.3 | V12: 0.011
H13: 11 | I13: 0 | J13: 0 | K13: 0 | L13: 1 | M13: 0 | N13: 0 | O13: 0 | P13: 97045.79 | Q13: 97045.79 | T13: 53202.3 | U13: 59852.587 | V13: 0.007
H14: 12 | I14: 0 | J14: 1 | K14: 0 | L14: 1 | M14: 0 | N14: 58381.217 | O14: 0 | P14: 101861.7 | Q14: 160242.92 | T14: 59852.587 | U14: 66502.874 | V14: 0.008
H15: 13 | I15: 0 | J15: 1 | K15: 0 | L15: 1 | M15: 0 | N15: 47553.434 | O15: 0 | P15: 161480.66 | Q15: 209034.09 | T15: 66502.874 | U15: 73153.162 | V15: 0.008
H16: 14 | I16: 0 | J16: 1 | K16: 0 | L16: 1 | M16: 0 | N16: 48121.679 | O16: 0 | P16: 208253.23 | Q16: 256374.91 | T16: 73153.162 | U16: 79803.449 | V16: 0.011
H17: 15 | I17: 1 | J17: 1 | K17: 0 | L17: 1 | M17: 15013.116 | N17: 14058.778 | O17: 0 | P17: 169729.51 | Q17: 198801.4 | T17: 79803.449 | U17: 86453.737 | V17: 0.019
H18: 16 | I18: 0 | J18: 0 | K18: 0 | L18: 1 | M18: 0 | N18: 0 | O18: 0 | P18: 117046.51 | Q18: 117046.51 | T18: 86453.737 | U18: 93104.024 | V18: 0.014
... H44: 42 | I44: 0 | J44: 0 | K44: 0 | L44: 1 | M44: 0 | N44: 0 | O44: 0 | P44: 133716.78 | Q44: 133716.78 | T44: 259361.21 | U44: 266011.5 | V44: 0.003
H45: 43 | I45: 0 | J45: 0 | K45: 0 | L45: 0 | M45: 0 | N45: 0 | O45: 0 | P45: 0 | Q45: 0
H46: 44 | I46: 0 | J46: 0 | K46: 0 | L46: 1 | M46: 0 | N46: 0 | O46: 0 | P46: 165593.83 | Q46: 165593.83
H47: 45 | I47: 0 | J47: 0 | K47: 0 | L47: 1 | M47: 0 | N47: 0 | O47: 0 | P47: 112015.01 | Q47: 112015.01
H48: 46 | I48: 0 | J48: 1 | K48: 0 | L48: 1 | M48: 0 | N48: 22927.063 | O48: 0 | P48: 158637.03 | Q48: 181564.1
H49: 47 | I49: 0 | J49: 0 | K49: 0 | L49: 1 | M49: 0 | N49: 0 | O49: 0 | P49: 203574.68 | Q49: 203574.68
H50: 48 | I50: 0 | J50: 0 | K50: 1 | L50: 1 | M50: 0 | N50: 0 | O50: 325.71844 | P50: 142479.78 | Q50: 142805.5
H51: 49 | I51: 0 | J51: 1 | K51: 0 | L51: 1 | M51: 0 | N51: 10669.646 | O51: 0 | P51: 182688.91 | Q51: 193358.55
H52: 50 | I52: 0 | J52: 1 | K52: 1 | L52: 1 | M52: 0 | N52: 68996.842 | O52: 107.05423 | P52: 192057.27 | Q52: 261161.17
H53: 51 | I53: 0 | J53: 1 | K53: 1 | L53: 1 | M53: 0 | N53: 33449.676 | O53: 300.67357 | P53: 75759.303 | Q53: 109509.65
H54: 52 | I54: 1 | J54: 0 | K54: 1 | L54: 1 | M54: 11107.674 | N54: 0 | O54: 68.63884 | P54: 77128.477 | Q54: 88304.79
H55: 53 | I55: 0 | J55: 1 | K55: 0 | L55: 1 | M55: 0 | N55: 15828.854 | O55: 0 | P55: 127524.08 | Q55: 143352.93
H56: 54 | I56: 0 | J56: 1 | K56: 0 | L56: 1 | M56: 0 | N56: 45162.733 | O56: 0 | P56: 183956.92 | Q56: 229119.65
... H1002: 1000 | I1002: 0 | J1002: 0 | K1002: 0 | L1002: 0 | M1002: 0 | N1002: 0 | O1002: 0 | P1002: 0 | Q1002: 0
